[{"name":"Md.Rahadul Haq","e-mail":"rahadul134@gmail.com","username":"reason789","gender":"male","password":"1234","dob":"1997-06-21"},
    {"name":"Md.Shihab","e-mail":"reasonshihab@gmail.com","username":"shhihab","gender":"male","password":"4545","dob":"1997-06-22"},
    {"name":"Mainul Islam Mahi","e-mail":"islamn296@gmail.com","username":"mahi","gender":"male","password":"2323","dob":"2021-06-22"},
    {"name":"Md.Mehedi Hasan","e-mail":"mehedi@gmail.com","username":"mehedi","gender":"male","password":"12121212","dob":"2021-06-08"}]